,Feature,approx_mean,approx_std
0,2x42:4x45,6.971977822121784e+00,0.9184560974057843
1,2x43:7x53,5.983631426377006,1.0719496969876625
2,2x45:4x50,6.265443830185349,0.779004543581029
3,3x50:6x37,7.031299990503704,1.559194106404489
4,3x51:5x57,5.033273446798261,0.6018034523017413
5,6x44:6x48,6.040114403265614,0.9282274944717489
6,6x44:7x45,6.5539124873531245,1.635576975782919
7,6x48:7x45,6.301199052679351,1.1990606600392406
8,7x45:7x49,5.790896596781406,1.278167303809459
